<?xml version="1.0" encoding="UTF-8"?>

<!--
/**
 * Licensed under the Apache License, Version 2.0 (the "License");
 * you may not use this file except in compliance with the License.
 * You may obtain a copy of the License at
 *
 *     http://www.apache.org/licenses/LICENSE-2.0
 *
 * Unless required by applicable law or agreed to in writing, software
 * distributed under the License is distributed on an "AS IS" BASIS,
 * WITHOUT WARRANTIES OR CONDITIONS OF ANY KIND, either express or implied.
 * See the License for the specific language governing permissions and
 * limitations under the License.
 */
-->

<beans
	xmlns="http://xmlns.jcp.org/xml/ns/javaee"
	xmlns:xsi="http://www.w3.org/2001/XMLSchema-instance"
	xsi:schemaLocation="
		http://xmlns.jcp.org/xml/ns/javaee
		http://xmlns.jcp.org/xml/ns/javaee/beans_2_0.xsd"
	bean-discovery-mode="all" version="2.0">

	<scan>
		<exclude name="org.apache.aries.cdi.test.tb19.A">
			<if-class-not-available name="com.foo.Bar"/>
		</exclude>
		<exclude name="org.apache.aries.cdi.test.tb19.B">
			<if-class-not-available name="com.foo.Bar"/>
		</exclude>
		<exclude name="org.apache.aries.cdi.test.tb19.C">
			<if-class-available name="org.osgi.service.cdi.annotations.Service"/>
		</exclude>
	</scan>
</beans>