<?xml version="1.0" encoding="UTF-8"?>
<!--
  Licensed to the Apache Software Foundation (ASF) under one
  or more contributor license agreements. See the NOTICE file
  distributed with this work for additional information
  regarding copyright ownership. The ASF licenses this file
  to you under the Apache License, Version 2.0 (the
  "License"); you may not use this file except in compliance
  with the License. You may obtain a copy of the License at

  http://www.apache.org/licenses/LICENSE-2.0

  Unless required by applicable law or agreed to in writing,
  software distributed under the License is distributed on an
  "AS IS" BASIS, WITHOUT WARRANTIES OR CONDITIONS OF ANY
  KIND, either express or implied. See the License for the
  specific language governing permissions and limitations
  under the License.
-->
<project xsi:schemaLocation="http://maven.apache.org/POM/4.0.0 https://maven.apache.org/xsd/maven-4.0.0.xsd" xmlns="http://maven.apache.org/POM/4.0.0"
    xmlns:xsi="http://www.w3.org/2001/XMLSchema-instance">
  <modelVersion>4.0.0</modelVersion>
  <groupId>org.apache.aries.jax.rs</groupId>
  <artifactId>org.apache.aries.jax.rs</artifactId>
  <version>2.0.2</version>
  <packaging>pom</packaging>
  <name>Apache Aries JAX-RS Whiteboard Integration Project</name>
  <description>The Apache Software Foundation provides support for the Apache community of open-source software projects.
    The Apache projects are characterized by a collaborative, consensus based development process, an open and
    pragmatic software license, and a desire to create high quality software that leads the way in its field.
    We consider ourselves not simply a group of projects sharing a server, but rather a community of developers
    and users.</description>
  <url>https://www.apache.org/org.apache.aries.jax.rs/</url>
  <organization>
    <name>The Apache Software Foundation</name>
    <url>https://www.apache.org/</url>
  </organization>
  <licenses>
    <license>
      <name>Apache-2.0</name>
      <url>https://www.apache.org/licenses/LICENSE-2.0.txt</url>
      <distribution>repo</distribution>
    </license>
  </licenses>
  <mailingLists>
    <mailingList>
      <name>Apache Announce List</name>
      <subscribe>announce-subscribe@apache.org</subscribe>
      <unsubscribe>announce-unsubscribe@apache.org</unsubscribe>
      <post>announce@apache.org</post>
      <archive>https://mail-archives.apache.org/mod_mbox/www-announce/</archive>
    </mailingList>
  </mailingLists>
  <scm>
    <connection>scm:git:http://gitbox.apache.org/repos/asf/aries-jax-rs-whiteboard.git</connection>
    <developerConnection>scm:git:https://gitbox.apache.org/repos/asf/aries-jax-rs-whiteboard.git</developerConnection>
    <tag>org.apache.aries.jax.rs-2.0.2</tag>
    <url>https://gitbox.apache.org/repos/asf?p=aries-jax-rs-whiteboard.git</url>
  </scm>
  <distributionManagement>
    <repository>
      <id>apache.releases.https</id>
      <name>Apache Release Distribution Repository</name>
      <url>https://repository.apache.org/service/local/staging/deploy/maven2</url>
    </repository>
    <snapshotRepository>
      <id>apache.snapshots.https</id>
      <name>Apache Development Snapshot Repository</name>
      <url>https://repository.apache.org/content/repositories/snapshots</url>
    </snapshotRepository>
  </distributionManagement>
  <dependencies>
    <dependency>
      <groupId>org.apache.geronimo.specs</groupId>
      <artifactId>geronimo-jaxrs_2.1_spec</artifactId>
      <version>1.1</version>
      <scope>compile</scope>
    </dependency>
    <dependency>
      <groupId>biz.aQute.bnd</groupId>
      <artifactId>biz.aQute.bnd.annotation</artifactId>
      <version>6.4.0</version>
      <scope>provided</scope>
    </dependency>
    <dependency>
      <groupId>org.osgi</groupId>
      <artifactId>org.osgi.service.jaxrs</artifactId>
      <version>1.0.1</version>
      <scope>compile</scope>
    </dependency>
    <dependency>
      <groupId>org.osgi</groupId>
      <artifactId>osgi.core</artifactId>
      <version>6.0.0</version>
      <scope>provided</scope>
    </dependency>
  </dependencies>
  <repositories>
    <repository>
      <releases>
        <enabled>false</enabled>
      </releases>
      <snapshots>
        <enabled>true</enabled>
      </snapshots>
      <id>ossrh</id>
      <url>https://oss.sonatype.org/content/repositories/snapshots</url>
    </repository>
    <repository>
      <releases>
        <enabled>false</enabled>
      </releases>
      <snapshots>
        <enabled>true</enabled>
      </snapshots>
      <id>bnd-snapshots</id>
      <url>https://bndtools.jfrog.io/bndtools/libs-snapshot/</url>
    </repository>
    <repository>
      <id>bnd-release</id>
      <url>https://bndtools.jfrog.io/bndtools/libs-release/</url>
    </repository>
  </repositories>
</project>
